NU,Gecon_ID,newid,NUtS_country,latitude,longitude,cellid,pop90,pop95,pop00,pop05,gdp_PPP90,gdp_PPP95,gdp_PPP00,gdp_PPP05,GCP_MER90,GCP_MER95,GCP_MER00,GCP_MER05
TR,792,35035792,Turkey,35.5,35.5,35035,10834.64059,11846.843,12861.83988,13718.4525,#ΔΙΑΙΡ/0!,#ΤΙΜΗ!,#ΤΙΜΗ!,#ΤΙΜΗ!,#ΔΙΑΙΡ/0!,#ΤΙΜΗ!,#ΤΙΜΗ!,#ΤΙΜΗ!
TR,792,35036792,Turkey,35.5,36.5,35036,54423.356,58449.65026,62179.50407,64634.79665,#ΔΙΑΙΡ/0!,#ΤΙΜΗ!,#ΤΙΜΗ!,#ΤΙΜΗ!,#ΔΙΑΙΡ/0!,#ΤΙΜΗ!,#ΤΙΜΗ!,#ΤΙΜΗ!
TR,792,36027792,Turkey,36.5,27.5,36027,21293.25512,24129.34903,27061.28178,29600.59201,#ΔΙΑΙΡ/0!,#ΤΙΜΗ!,#ΤΙΜΗ!,#ΤΙΜΗ!,#ΔΙΑΙΡ/0!,#ΤΙΜΗ!,#ΤΙΜΗ!,#ΤΙΜΗ!
TR,792,36028792,Turkey,36.5,28.5,36028,105211.833,119225.2187,133712.154,146259.1106,#ΔΙΑΙΡ/0!,#ΤΙΜΗ!,#ΤΙΜΗ!,#ΤΙΜΗ!,#ΔΙΑΙΡ/0!,#ΤΙΜΗ!,#ΤΙΜΗ!,#ΤΙΜΗ!
TR,792,36029792,Turkey,36.5,29.5,36029,353596.227,421434.8576,498311.6915,576003.26,#ΔΙΑΙΡ/0!,#ΤΙΜΗ!,#ΤΙΜΗ!,#ΤΙΜΗ!,#ΔΙΑΙΡ/0!,#ΤΙΜΗ!,#ΤΙΜΗ!,#ΤΙΜΗ!
TR,792,36030792,Turkey,36.5,30.5,36030,244203.6073,302519.407,370896.6314,443507.7859,#ΔΙΑΙΡ/0!,#ΤΙΜΗ!,#ΤΙΜΗ!,#ΤΙΜΗ!,#ΔΙΑΙΡ/0!,#ΤΙΜΗ!,#ΤΙΜΗ!,#ΤΙΜΗ!
TR,792,36031792,Turkey,36.5,31.5,36031,145239.5693,179922.763,220589.9706,263775.2976,#ΔΙΑΙΡ/0!,#ΤΙΜΗ!,#ΤΙΜΗ!,#ΤΙΜΗ!,#ΔΙΑΙΡ/0!,#ΤΙΜΗ!,#ΤΙΜΗ!,#ΤΙΜΗ!
TR,792,36032792,Turkey,36.5,32.5,36032,402969.6788,473460.5529,552195.7051,629962.1756,#ΔΙΑΙΡ/0!,#ΤΙΜΗ!,#ΤΙΜΗ!,#ΤΙΜΗ!,#ΔΙΑΙΡ/0!,#ΤΙΜΗ!,#ΤΙΜΗ!,#ΤΙΜΗ!
TR,792,36033792,Turkey,36.5,33.5,36033,636425.0522,728612.3451,825676.0353,912708.8986,#ΔΙΑΙΡ/0!,#ΤΙΜΗ!,#ΤΙΜΗ!,#ΤΙΜΗ!,#ΔΙΑΙΡ/0!,#ΤΙΜΗ!,#ΤΙΜΗ!,#ΤΙΜΗ!
TR,792,36034792,Turkey,36.5,34.5,36034,282739.7289,324307.1302,368155.7576,407625.7519,#ΔΙΑΙΡ/0!,#ΤΙΜΗ!,#ΤΙΜΗ!,#ΤΙΜΗ!,#ΔΙΑΙΡ/0!,#ΤΙΜΗ!,#ΤΙΜΗ!,#ΤΙΜΗ!
TR,792,36035792,Turkey,36.5,35.5,36035,416658.9383,454713.466,491234.2857,517707.0883,#ΔΙΑΙΡ/0!,#ΤΙΜΗ!,#ΤΙΜΗ!,#ΤΙΜΗ!,#ΔΙΑΙΡ/0!,#ΤΙΜΗ!,#ΤΙΜΗ!,#ΤΙΜΗ!
TR,792,36036792,Turkey,36.5,36.5,36036,1024672.237,1093509.368,1156049.035,1193165.267,#ΔΙΑΙΡ/0!,#ΤΙΜΗ!,#ΤΙΜΗ!,#ΤΙΜΗ!,#ΔΙΑΙΡ/0!,#ΤΙΜΗ!,#ΤΙΜΗ!,#ΤΙΜΗ!
TR,792,36037792,Turkey,36.5,37.5,36037,380142.0849,416549.5571,453949.1199,484631.0254,#ΔΙΑΙΡ/0!,#ΤΙΜΗ!,#ΤΙΜΗ!,#ΤΙΜΗ!,#ΔΙΑΙΡ/0!,#ΤΙΜΗ!,#ΤΙΜΗ!,#ΤΙΜΗ!
TR,792,36038792,Turkey,36.5,38.5,36038,94623.48183,113825.3979,135553.9168,157528.6672,#ΔΙΑΙΡ/0!,#ΤΙΜΗ!,#ΤΙΜΗ!,#ΤΙΜΗ!,#ΔΙΑΙΡ/0!,#ΤΙΜΗ!,#ΤΙΜΗ!,#ΤΙΜΗ!
TR,792,36039792,Turkey,36.5,39.5,36039,143059.1044,172414.1494,205693.8285,239448.672,#ΔΙΑΙΡ/0!,#ΤΙΜΗ!,#ΤΙΜΗ!,#ΤΙΜΗ!,#ΔΙΑΙΡ/0!,#ΤΙΜΗ!,#ΤΙΜΗ!,#ΤΙΜΗ!
TR,792,36040792,Turkey,36.5,40.5,36040,20646.76456,24435.26052,28655.7155,32835.38915,#ΔΙΑΙΡ/0!,#ΤΙΜΗ!,#ΤΙΜΗ!,#ΤΙΜΗ!,#ΔΙΑΙΡ/0!,#ΤΙΜΗ!,#ΤΙΜΗ!,#ΤΙΜΗ!
TR,792,36044792,Turkey,36.5,44.5,36044,679.9520623,794.7591611,919.716523,1051.894431,#ΔΙΑΙΡ/0!,#ΤΙΜΗ!,#ΤΙΜΗ!,#ΤΙΜΗ!,#ΔΙΑΙΡ/0!,#ΤΙΜΗ!,#ΤΙΜΗ!,#ΤΙΜΗ!
TR,792,37027792,Turkey,37.5,27.5,37027,585608.9818,641594.2738,696015.3107,736776.6298,#ΔΙΑΙΡ/0!,#ΤΙΜΗ!,#ΤΙΜΗ!,#ΤΙΜΗ!,#ΔΙΑΙΡ/0!,#ΤΙΜΗ!,#ΤΙΜΗ!,#ΤΙΜΗ!
TR,792,37028792,Turkey,37.5,28.5,37028,691675.3338,754519.8712,815010.8812,859083.2634,#ΔΙΑΙΡ/0!,#ΤΙΜΗ!,#ΤΙΜΗ!,#ΤΙΜΗ!,#ΔΙΑΙΡ/0!,#ΤΙΜΗ!,#ΤΙΜΗ!,#ΤΙΜΗ!
TR,792,37029792,Turkey,37.5,29.5,37029,534531.4079,567241.8227,596576.6054,612859.568,#ΔΙΑΙΡ/0!,#ΤΙΜΗ!,#ΤΙΜΗ!,#ΤΙΜΗ!,#ΔΙΑΙΡ/0!,#ΤΙΜΗ!,#ΤΙΜΗ!,#ΤΙΜΗ!
TR,792,37030792,Turkey,37.5,30.5,37030,436227.8057,484954.0926,537321.3865,584786.079,#ΔΙΑΙΡ/0!,#ΤΙΜΗ!,#ΤΙΜΗ!,#ΤΙΜΗ!,#ΔΙΑΙΡ/0!,#ΤΙΜΗ!,#ΤΙΜΗ!,#ΤΙΜΗ!
TR,792,37031792,Turkey,37.5,31.5,37031,453911.2561,526819.0784,606954.4038,684096.3368,#ΔΙΑΙΡ/0!,#ΤΙΜΗ!,#ΤΙΜΗ!,#ΤΙΜΗ!,#ΔΙΑΙΡ/0!,#ΤΙΜΗ!,#ΤΙΜΗ!,#ΤΙΜΗ!
TR,792,37032792,Turkey,37.5,32.5,37032,415770.7631,466892.9243,519140.1683,563268.1485,#ΔΙΑΙΡ/0!,#ΤΙΜΗ!,#ΤΙΜΗ!,#ΤΙΜΗ!,#ΔΙΑΙΡ/0!,#ΤΙΜΗ!,#ΤΙΜΗ!,#ΤΙΜΗ!
TR,792,37033792,Turkey,37.5,33.5,37033,389035.7782,432194.0588,475430.439,510339.9799,#ΔΙΑΙΡ/0!,#ΤΙΜΗ!,#ΤΙΜΗ!,#ΤΙΜΗ!,#ΔΙΑΙΡ/0!,#ΤΙΜΗ!,#ΤΙΜΗ!,#ΤΙΜΗ!
TR,792,37034792,Turkey,37.5,34.5,37034,582321.2347,650494.0512,719589.8207,776848.3599,#ΔΙΑΙΡ/0!,#ΤΙΜΗ!,#ΤΙΜΗ!,#ΤΙΜΗ!,#ΔΙΑΙΡ/0!,#ΤΙΜΗ!,#ΤΙΜΗ!,#ΤΙΜΗ!
TR,792,37035792,Turkey,37.5,35.5,37035,942294.4385,1034214.076,1123425.06,1190250.549,#ΔΙΑΙΡ/0!,#ΤΙΜΗ!,#ΤΙΜΗ!,#ΤΙΜΗ!,#ΔΙΑΙΡ/0!,#ΤΙΜΗ!,#ΤΙΜΗ!,#ΤΙΜΗ!
TR,792,37036792,Turkey,37.5,36.5,37036,885546.3137,968358.9615,1048493.107,1107772.062,#ΔΙΑΙΡ/0!,#ΤΙΜΗ!,#ΤΙΜΗ!,#ΤΙΜΗ!,#ΔΙΑΙΡ/0!,#ΤΙΜΗ!,#ΤΙΜΗ!,#ΤΙΜΗ!
TR,792,37037792,Turkey,37.5,37.5,37037,869481.1268,968308.2864,1068183.838,1150283.948,#ΔΙΑΙΡ/0!,#ΤΙΜΗ!,#ΤΙΜΗ!,#ΤΙΜΗ!,#ΔΙΑΙΡ/0!,#ΤΙΜΗ!,#ΤΙΜΗ!,#ΤΙΜΗ!
TR,792,37038792,Turkey,37.5,38.5,37038,573175.5589,662197.5817,758527.0484,848957.8217,#ΔΙΑΙΡ/0!,#ΤΙΜΗ!,#ΤΙΜΗ!,#ΤΙΜΗ!,#ΔΙΑΙΡ/0!,#ΤΙΜΗ!,#ΤΙΜΗ!,#ΤΙΜΗ!
TR,792,37039792,Turkey,37.5,39.5,37039,525604.1491,626172.7749,738858.2357,850929.2355,#ΔΙΑΙΡ/0!,#ΤΙΜΗ!,#ΤΙΜΗ!,#ΤΙΜΗ!,#ΔΙΑΙΡ/0!,#ΤΙΜΗ!,#ΤΙΜΗ!,#ΤΙΜΗ!
TR,792,37040792,Turkey,37.5,40.5,37040,541633.9219,610911.7244,682076.949,742937.3721,#ΔΙΑΙΡ/0!,#ΤΙΜΗ!,#ΤΙΜΗ!,#ΤΙΜΗ!,#ΔΙΑΙΡ/0!,#ΤΙΜΗ!,#ΤΙΜΗ!,#ΤΙΜΗ!
TR,792,37041792,Turkey,37.5,41.5,37041,477921.803,542468.931,609775.9927,668990.706,#ΔΙΑΙΡ/0!,#ΤΙΜΗ!,#ΤΙΜΗ!,#ΤΙΜΗ!,#ΔΙΑΙΡ/0!,#ΤΙΜΗ!,#ΤΙΜΗ!,#ΤΙΜΗ!
TR,792,37042792,Turkey,37.5,42.5,37042,273517.2486,305787.1094,339313.604,368371.3538,#ΔΙΑΙΡ/0!,#ΤΙΜΗ!,#ΤΙΜΗ!,#ΤΙΜΗ!,#ΔΙΑΙΡ/0!,#ΤΙΜΗ!,#ΤΙΜΗ!,#ΤΙΜΗ!
TR,792,37043792,Turkey,37.5,43.5,37043,216902.4883,254499.341,295573.6362,334918.984,#ΔΙΑΙΡ/0!,#ΤΙΜΗ!,#ΤΙΜΗ!,#ΤΙΜΗ!,#ΔΙΑΙΡ/0!,#ΤΙΜΗ!,#ΤΙΜΗ!,#ΤΙΜΗ!
TR,792,37044792,Turkey,37.5,44.5,37044,131182.3457,154010.6945,178933.7456,202900.0023,#ΔΙΑΙΡ/0!,#ΤΙΜΗ!,#ΤΙΜΗ!,#ΤΙΜΗ!,#ΔΙΑΙΡ/0!,#ΤΙΜΗ!,#ΤΙΜΗ!,#ΤΙΜΗ!
TR,792,38026792,Turkey,38.5,26.5,38026,565420.2524,635643.0662,707219.1271,767437.6131,#ΔΙΑΙΡ/0!,#ΤΙΜΗ!,#ΤΙΜΗ!,#ΤΙΜΗ!,#ΔΙΑΙΡ/0!,#ΤΙΜΗ!,#ΤΙΜΗ!,#ΤΙΜΗ!
TR,792,38027792,Turkey,38.5,27.5,38027,1570959.22,1743360.883,1916072.503,2055301.246,#ΔΙΑΙΡ/0!,#ΤΙΜΗ!,#ΤΙΜΗ!,#ΤΙΜΗ!,#ΔΙΑΙΡ/0!,#ΤΙΜΗ!,#ΤΙΜΗ!,#ΤΙΜΗ!
TR,792,38028792,Turkey,38.5,28.5,38028,1016203.722,1091863.711,1162163.567,1207634.141,#ΔΙΑΙΡ/0!,#ΤΙΜΗ!,#ΤΙΜΗ!,#ΤΙΜΗ!,#ΔΙΑΙΡ/0!,#ΤΙΜΗ!,#ΤΙΜΗ!,#ΤΙΜΗ!
TR,792,38029792,Turkey,38.5,29.5,38029,589837.3422,627574.8201,660863.6302,678769.1975,#ΔΙΑΙΡ/0!,#ΤΙΜΗ!,#ΤΙΜΗ!,#ΤΙΜΗ!,#ΔΙΑΙΡ/0!,#ΤΙΜΗ!,#ΤΙΜΗ!,#ΤΙΜΗ!
TR,792,38030792,Turkey,38.5,30.5,38030,482959.8179,512000.4116,537279.4153,549987.4498,#ΔΙΑΙΡ/0!,#ΤΙΜΗ!,#ΤΙΜΗ!,#ΤΙΜΗ!,#ΔΙΑΙΡ/0!,#ΤΙΜΗ!,#ΤΙΜΗ!,#ΤΙΜΗ!
TR,792,38031792,Turkey,38.5,31.5,38031,443838.237,485836.7783,526727.9209,557389.6881,#ΔΙΑΙΡ/0!,#ΤΙΜΗ!,#ΤΙΜΗ!,#ΤΙΜΗ!,#ΔΙΑΙΡ/0!,#ΤΙΜΗ!,#ΤΙΜΗ!,#ΤΙΜΗ!
TR,792,38032792,Turkey,38.5,32.5,38032,426768.8701,479745.8809,533738.0267,579153.5061,#ΔΙΑΙΡ/0!,#ΤΙΜΗ!,#ΤΙΜΗ!,#ΤΙΜΗ!,#ΔΙΑΙΡ/0!,#ΤΙΜΗ!,#ΤΙΜΗ!,#ΤΙΜΗ!
TR,792,38033792,Turkey,38.5,33.5,38033,399821.165,444547.2685,489227.8811,525165.3581,#ΔΙΑΙΡ/0!,#ΤΙΜΗ!,#ΤΙΜΗ!,#ΤΙΜΗ!,#ΔΙΑΙΡ/0!,#ΤΙΜΗ!,#ΤΙΜΗ!,#ΤΙΜΗ!
TR,792,38034792,Turkey,38.5,34.5,38034,492131.5224,524630.9147,553902.8383,570781.7426,#ΔΙΑΙΡ/0!,#ΤΙΜΗ!,#ΤΙΜΗ!,#ΤΙΜΗ!,#ΔΙΑΙΡ/0!,#ΤΙΜΗ!,#ΤΙΜΗ!,#ΤΙΜΗ!
TR,792,38035792,Turkey,38.5,35.5,38035,535651.284,571524.4167,603545.8531,621669.2293,#ΔΙΑΙΡ/0!,#ΤΙΜΗ!,#ΤΙΜΗ!,#ΤΙΜΗ!,#ΔΙΑΙΡ/0!,#ΤΙΜΗ!,#ΤΙΜΗ!,#ΤΙΜΗ!
TR,792,38036792,Turkey,38.5,36.5,38036,610539.2185,654278.6751,694144.6139,718494.3222,#ΔΙΑΙΡ/0!,#ΤΙΜΗ!,#ΤΙΜΗ!,#ΤΙΜΗ!,#ΔΙΑΙΡ/0!,#ΤΙΜΗ!,#ΤΙΜΗ!,#ΤΙΜΗ!
TR,792,38037792,Turkey,38.5,37.5,38037,520693.8426,561808.7096,600539.0444,626721.6213,#ΔΙΑΙΡ/0!,#ΤΙΜΗ!,#ΤΙΜΗ!,#ΤΙΜΗ!,#ΔΙΑΙΡ/0!,#ΤΙΜΗ!,#ΤΙΜΗ!,#ΤΙΜΗ!
TR,792,38038792,Turkey,38.5,38.5,38038,546774.2288,601121.9878,654306.5113,694850.5069,#ΔΙΑΙΡ/0!,#ΤΙΜΗ!,#ΤΙΜΗ!,#ΤΙΜΗ!,#ΔΙΑΙΡ/0!,#ΤΙΜΗ!,#ΤΙΜΗ!,#ΤΙΜΗ!
TR,792,38039792,Turkey,38.5,39.5,38039,537294.6129,584261.2299,630471.4482,665004.011,#ΔΙΑΙΡ/0!,#ΤΙΜΗ!,#ΤΙΜΗ!,#ΤΙΜΗ!,#ΔΙΑΙΡ/0!,#ΤΙΜΗ!,#ΤΙΜΗ!,#ΤΙΜΗ!
TR,792,38040792,Turkey,38.5,40.5,38040,563945.7778,619139.8281,673548.1685,715483.059,#ΔΙΑΙΡ/0!,#ΤΙΜΗ!,#ΤΙΜΗ!,#ΤΙΜΗ!,#ΔΙΑΙΡ/0!,#ΤΙΜΗ!,#ΤΙΜΗ!,#ΤΙΜΗ!
TR,792,38041792,Turkey,38.5,41.5,38041,591347.0356,660285.7764,730476.9744,789046.535,#ΔΙΑΙΡ/0!,#ΤΙΜΗ!,#ΤΙΜΗ!,#ΤΙΜΗ!,#ΔΙΑΙΡ/0!,#ΤΙΜΗ!,#ΤΙΜΗ!,#ΤΙΜΗ!
TR,792,38042792,Turkey,38.5,42.5,38042,347130.5636,378750.609,409280.0764,431674.3448,#ΔΙΑΙΡ/0!,#ΤΙΜΗ!,#ΤΙΜΗ!,#ΤΙΜΗ!,#ΔΙΑΙΡ/0!,#ΤΙΜΗ!,#ΤΙΜΗ!,#ΤΙΜΗ!
TR,792,38043792,Turkey,38.5,43.5,38043,282426.14,331910.5369,386156.5072,438300.8014,#ΔΙΑΙΡ/0!,#ΤΙΜΗ!,#ΤΙΜΗ!,#ΤΙΜΗ!,#ΔΙΑΙΡ/0!,#ΤΙΜΗ!,#ΤΙΜΗ!,#ΤΙΜΗ!
TR,792,38044792,Turkey,38.5,44.5,38044,117202.6029,138048.2713,160918.759,182968.0453,#ΔΙΑΙΡ/0!,#ΤΙΜΗ!,#ΤΙΜΗ!,#ΤΙΜΗ!,#ΔΙΑΙΡ/0!,#ΤΙΜΗ!,#ΤΙΜΗ!,#ΤΙΜΗ!
TR,792,39026792,Turkey,39.5,26.5,39026,308989.7578,329792.199,348722.1765,360018.058,#ΔΙΑΙΡ/0!,#ΤΙΜΗ!,#ΤΙΜΗ!,#ΤΙΜΗ!,#ΔΙΑΙΡ/0!,#ΤΙΜΗ!,#ΤΙΜΗ!,#ΤΙΜΗ!
TR,792,39027792,Turkey,39.5,27.5,39027,923151.7969,1000723.8,1074750,1126950.224,#ΔΙΑΙΡ/0!,#ΤΙΜΗ!,#ΤΙΜΗ!,#ΤΙΜΗ!,#ΔΙΑΙΡ/0!,#ΤΙΜΗ!,#ΤΙΜΗ!,#ΤΙΜΗ!
TR,792,39028792,Turkey,39.5,28.5,39028,799949.1168,874779.8636,948693.1031,1005566.402,#ΔΙΑΙΡ/0!,#ΤΙΜΗ!,#ΤΙΜΗ!,#ΤΙΜΗ!,#ΔΙΑΙΡ/0!,#ΤΙΜΗ!,#ΤΙΜΗ!,#ΤΙΜΗ!
TR,792,39029792,Turkey,39.5,29.5,39029,615802.9966,682243.9764,749252.3714,803827.6255,#ΔΙΑΙΡ/0!,#ΤΙΜΗ!,#ΤΙΜΗ!,#ΤΙΜΗ!,#ΔΙΑΙΡ/0!,#ΤΙΜΗ!,#ΤΙΜΗ!,#ΤΙΜΗ!
TR,792,39030792,Turkey,39.5,30.5,39030,437042.1906,462542.3135,484502.3965,495003.2384,#ΔΙΑΙΡ/0!,#ΤΙΜΗ!,#ΤΙΜΗ!,#ΤΙΜΗ!,#ΔΙΑΙΡ/0!,#ΤΙΜΗ!,#ΤΙΜΗ!,#ΤΙΜΗ!
TR,792,39031792,Turkey,39.5,31.5,39031,508464.4895,543452.3471,575220.3174,594208.7054,#ΔΙΑΙΡ/0!,#ΤΙΜΗ!,#ΤΙΜΗ!,#ΤΙΜΗ!,#ΔΙΑΙΡ/0!,#ΤΙΜΗ!,#ΤΙΜΗ!,#ΤΙΜΗ!
TR,792,39032792,Turkey,39.5,32.5,39032,1143514.541,1279161.429,1416149.348,1529126.302,#ΔΙΑΙΡ/0!,#ΤΙΜΗ!,#ΤΙΜΗ!,#ΤΙΜΗ!,#ΔΙΑΙΡ/0!,#ΤΙΜΗ!,#ΤΙΜΗ!,#ΤΙΜΗ!
TR,792,39033792,Turkey,39.5,33.5,39033,853833.5229,930394.4913,1004766.34,1059725.138,#ΔΙΑΙΡ/0!,#ΤΙΜΗ!,#ΤΙΜΗ!,#ΤΙΜΗ!,#ΔΙΑΙΡ/0!,#ΤΙΜΗ!,#ΤΙΜΗ!,#ΤΙΜΗ!
TR,792,39034792,Turkey,39.5,34.5,39034,415425.3668,433122.4761,447649.9156,451989.1851,#ΔΙΑΙΡ/0!,#ΤΙΜΗ!,#ΤΙΜΗ!,#ΤΙΜΗ!,#ΔΙΑΙΡ/0!,#ΤΙΜΗ!,#ΤΙΜΗ!,#ΤΙΜΗ!
TR,792,39035792,Turkey,39.5,35.5,39035,415737.0768,451231.0338,484788.3058,508072.3089,#ΔΙΑΙΡ/0!,#ΤΙΜΗ!,#ΤΙΜΗ!,#ΤΙΜΗ!,#ΔΙΑΙΡ/0!,#ΤΙΜΗ!,#ΤΙΜΗ!,#ΤΙΜΗ!
TR,792,39036792,Turkey,39.5,36.5,39036,328866.1731,338288.769,344846.189,343312.2789,#ΔΙΑΙΡ/0!,#ΤΙΜΗ!,#ΤΙΜΗ!,#ΤΙΜΗ!,#ΔΙΑΙΡ/0!,#ΤΙΜΗ!,#ΤΙΜΗ!,#ΤΙΜΗ!
TR,792,39037792,Turkey,39.5,37.5,39037,262633.0687,262625.9492,259982.567,251091.1063,#ΔΙΑΙΡ/0!,#ΤΙΜΗ!,#ΤΙΜΗ!,#ΤΙΜΗ!,#ΔΙΑΙΡ/0!,#ΤΙΜΗ!,#ΤΙΜΗ!,#ΤΙΜΗ!
TR,792,39038792,Turkey,39.5,38.5,39038,268459.5171,274468.984,278520.0142,276389.8403,#ΔΙΑΙΡ/0!,#ΤΙΜΗ!,#ΤΙΜΗ!,#ΤΙΜΗ!,#ΔΙΑΙΡ/0!,#ΤΙΜΗ!,#ΤΙΜΗ!,#ΤΙΜΗ!
TR,792,39039792,Turkey,39.5,39.5,39039,211019.4284,203079.5646,195358.896,184993.1852,#ΔΙΑΙΡ/0!,#ΤΙΜΗ!,#ΤΙΜΗ!,#ΤΙΜΗ!,#ΔΙΑΙΡ/0!,#ΤΙΜΗ!,#ΤΙΜΗ!,#ΤΙΜΗ!
TR,792,39040792,Turkey,39.5,40.5,39040,289727.2049,297629.8452,303195.1169,301759.8233,#ΔΙΑΙΡ/0!,#ΤΙΜΗ!,#ΤΙΜΗ!,#ΤΙΜΗ!,#ΔΙΑΙΡ/0!,#ΤΙΜΗ!,#ΤΙΜΗ!,#ΤΙΜΗ!
TR,792,39041792,Turkey,39.5,41.5,39041,352157.1778,375397.3414,396271.0939,408217.6789,#ΔΙΑΙΡ/0!,#ΤΙΜΗ!,#ΤΙΜΗ!,#ΤΙΜΗ!,#ΔΙΑΙΡ/0!,#ΤΙΜΗ!,#ΤΙΜΗ!,#ΤΙΜΗ!
TR,792,39042792,Turkey,39.5,42.5,39042,390400.2322,425630.915,459516.6904,484119.2489,#ΔΙΑΙΡ/0!,#ΤΙΜΗ!,#ΤΙΜΗ!,#ΤΙΜΗ!,#ΔΙΑΙΡ/0!,#ΤΙΜΗ!,#ΤΙΜΗ!,#ΤΙΜΗ!
TR,792,39043792,Turkey,39.5,43.5,39043,370335.834,417130.2587,465451.588,507065.0642,#ΔΙΑΙΡ/0!,#ΤΙΜΗ!,#ΤΙΜΗ!,#ΤΙΜΗ!,#ΔΙΑΙΡ/0!,#ΤΙΜΗ!,#ΤΙΜΗ!,#ΤΙΜΗ!
TR,792,39044792,Turkey,39.5,44.5,39044,135469.0163,150342.2608,165142.0696,177077.9792,#ΔΙΑΙΡ/0!,#ΤΙΜΗ!,#ΤΙΜΗ!,#ΤΙΜΗ!,#ΔΙΑΙΡ/0!,#ΤΙΜΗ!,#ΤΙΜΗ!,#ΤΙΜΗ!
TR,792,40026792,Turkey,40.5,26.5,40026,320370.1371,333700.1066,344790.9469,348314.4827,#ΔΙΑΙΡ/0!,#ΤΙΜΗ!,#ΤΙΜΗ!,#ΤΙΜΗ!,#ΔΙΑΙΡ/0!,#ΤΙΜΗ!,#ΤΙΜΗ!,#ΤΙΜΗ!
TR,792,40027792,Turkey,40.5,27.5,40027,320030.9814,347372.7685,373978.6827,393569.2493,#ΔΙΑΙΡ/0!,#ΤΙΜΗ!,#ΤΙΜΗ!,#ΤΙΜΗ!,#ΔΙΑΙΡ/0!,#ΤΙΜΗ!,#ΤΙΜΗ!,#ΤΙΜΗ!
TR,792,40028792,Turkey,40.5,28.5,40028,621576.9967,719742.3806,825253.7274,923338.5419,#ΔΙΑΙΡ/0!,#ΤΙΜΗ!,#ΤΙΜΗ!,#ΤΙΜΗ!,#ΔΙΑΙΡ/0!,#ΤΙΜΗ!,#ΤΙΜΗ!,#ΤΙΜΗ!
TR,792,40029792,Turkey,40.5,29.5,40029,1747330.333,2026973.249,2328138.67,2609155.637,#ΔΙΑΙΡ/0!,#ΤΙΜΗ!,#ΤΙΜΗ!,#ΤΙΜΗ!,#ΔΙΑΙΡ/0!,#ΤΙΜΗ!,#ΤΙΜΗ!,#ΤΙΜΗ!
TR,792,40030792,Turkey,40.5,30.5,40030,1020162.642,1101085.367,1177776.036,1230456.866,#ΔΙΑΙΡ/0!,#ΤΙΜΗ!,#ΤΙΜΗ!,#ΤΙΜΗ!,#ΔΙΑΙΡ/0!,#ΤΙΜΗ!,#ΤΙΜΗ!,#ΤΙΜΗ!
TR,792,40031792,Turkey,40.5,31.5,40031,685673.996,745851.1339,803745.7665,845597.4904,#ΔΙΑΙΡ/0!,#ΤΙΜΗ!,#ΤΙΜΗ!,#ΤΙΜΗ!,#ΔΙΑΙΡ/0!,#ΤΙΜΗ!,#ΤΙΜΗ!,#ΤΙΜΗ!
TR,792,40032792,Turkey,40.5,32.5,40032,821127.3619,906878.9025,991900.4595,1058781.535,#ΔΙΑΙΡ/0!,#ΤΙΜΗ!,#ΤΙΜΗ!,#ΤΙΜΗ!,#ΔΙΑΙΡ/0!,#ΤΙΜΗ!,#ΤΙΜΗ!,#ΤΙΜΗ!
TR,792,40033792,Turkey,40.5,33.5,40033,549767.6845,595869.1122,639988.7653,671242.6968,#ΔΙΑΙΡ/0!,#ΤΙΜΗ!,#ΤΙΜΗ!,#ΤΙΜΗ!,#ΔΙΑΙΡ/0!,#ΤΙΜΗ!,#ΤΙΜΗ!,#ΤΙΜΗ!
TR,792,40034792,Turkey,40.5,34.5,40034,444994.9401,444079.662,438708.8389,422819.8222,#ΔΙΑΙΡ/0!,#ΤΙΜΗ!,#ΤΙΜΗ!,#ΤΙΜΗ!,#ΔΙΑΙΡ/0!,#ΤΙΜΗ!,#ΤΙΜΗ!,#ΤΙΜΗ!
TR,792,40035792,Turkey,40.5,35.5,40035,555231.4136,572155.8167,584133.2174,582273.7953,#ΔΙΑΙΡ/0!,#ΤΙΜΗ!,#ΤΙΜΗ!,#ΤΙΜΗ!,#ΔΙΑΙΡ/0!,#ΤΙΜΗ!,#ΤΙΜΗ!,#ΤΙΜΗ!
TR,792,40036792,Turkey,40.5,36.5,40036,720157.4382,761195.582,796844.3893,814148.2646,#ΔΙΑΙΡ/0!,#ΤΙΜΗ!,#ΤΙΜΗ!,#ΤΙΜΗ!,#ΔΙΑΙΡ/0!,#ΤΙΜΗ!,#ΤΙΜΗ!,#ΤΙΜΗ!
TR,792,40037792,Turkey,40.5,37.5,40037,847053.1152,884604.6593,914667.365,922786.6556,#ΔΙΑΙΡ/0!,#ΤΙΜΗ!,#ΤΙΜΗ!,#ΤΙΜΗ!,#ΔΙΑΙΡ/0!,#ΤΙΜΗ!,#ΤΙΜΗ!,#ΤΙΜΗ!
TR,792,40038792,Turkey,40.5,38.5,40038,585804.117,602601.7224,613552.8147,609349.5922,#ΔΙΑΙΡ/0!,#ΤΙΜΗ!,#ΤΙΜΗ!,#ΤΙΜΗ!,#ΔΙΑΙΡ/0!,#ΤΙΜΗ!,#ΤΙΜΗ!,#ΤΙΜΗ!
TR,792,40039792,Turkey,40.5,39.5,40039,637185.9153,697449.0301,756179.0046,800260.2724,#ΔΙΑΙΡ/0!,#ΤΙΜΗ!,#ΤΙΜΗ!,#ΤΙΜΗ!,#ΔΙΑΙΡ/0!,#ΤΙΜΗ!,#ΤΙΜΗ!,#ΤΙΜΗ!
TR,792,40040792,Turkey,40.5,40.5,40040,659135.7504,697700.437,732860.9478,752731.3914,#ΔΙΑΙΡ/0!,#ΤΙΜΗ!,#ΤΙΜΗ!,#ΤΙΜΗ!,#ΔΙΑΙΡ/0!,#ΤΙΜΗ!,#ΤΙΜΗ!,#ΤΙΜΗ!
TR,792,40041792,Turkey,40.5,41.5,40041,332554.6208,343639.4785,351964.1001,352097.1314,#ΔΙΑΙΡ/0!,#ΤΙΜΗ!,#ΤΙΜΗ!,#ΤΙΜΗ!,#ΔΙΑΙΡ/0!,#ΤΙΜΗ!,#ΤΙΜΗ!,#ΤΙΜΗ!
TR,792,40042792,Turkey,40.5,42.5,40042,324060.3096,321706.3795,317130.717,305900.5512,#ΔΙΑΙΡ/0!,#ΤΙΜΗ!,#ΤΙΜΗ!,#ΤΙΜΗ!,#ΔΙΑΙΡ/0!,#ΤΙΜΗ!,#ΤΙΜΗ!,#ΤΙΜΗ!
TR,792,40043792,Turkey,40.5,43.5,40043,227745.7484,225820.8022,221519.7852,212574.4852,#ΔΙΑΙΡ/0!,#ΤΙΜΗ!,#ΤΙΜΗ!,#ΤΙΜΗ!,#ΔΙΑΙΡ/0!,#ΤΙΜΗ!,#ΤΙΜΗ!,#ΤΙΜΗ!
TR,792,40044792,Turkey,40.5,44.5,40044,10460.02969,11204.90339,11624.25288,11859.19555,#ΔΙΑΙΡ/0!,#ΤΙΜΗ!,#ΤΙΜΗ!,#ΤΙΜΗ!,#ΔΙΑΙΡ/0!,#ΤΙΜΗ!,#ΤΙΜΗ!,#ΤΙΜΗ!
TR,792,41026792,Turkey,41.5,26.5,41026,310482.6672,316836.3381,320691.9537,317387.1407,#ΔΙΑΙΡ/0!,#ΤΙΜΗ!,#ΤΙΜΗ!,#ΤΙΜΗ!,#ΔΙΑΙΡ/0!,#ΤΙΜΗ!,#ΤΙΜΗ!,#ΤΙΜΗ!
TR,792,41027792,Turkey,41.5,27.5,41027,512363.8859,561837.0743,611678.6084,651572.515,#ΔΙΑΙΡ/0!,#ΤΙΜΗ!,#ΤΙΜΗ!,#ΤΙΜΗ!,#ΔΙΑΙΡ/0!,#ΤΙΜΗ!,#ΤΙΜΗ!,#ΤΙΜΗ!
TR,792,41028792,Turkey,41.5,28.5,41028,4294895.991,5090021.862,5970612.469,6831194.453,#ΔΙΑΙΡ/0!,#ΤΙΜΗ!,#ΤΙΜΗ!,#ΤΙΜΗ!,#ΔΙΑΙΡ/0!,#ΤΙΜΗ!,#ΤΙΜΗ!,#ΤΙΜΗ!
TR,792,41029792,Turkey,41.5,29.5,41029,2328042.113,2759554.592,3237376.132,3704275.418,#ΔΙΑΙΡ/0!,#ΤΙΜΗ!,#ΤΙΜΗ!,#ΤΙΜΗ!,#ΔΙΑΙΡ/0!,#ΤΙΜΗ!,#ΤΙΜΗ!,#ΤΙΜΗ!
TR,792,41030792,Turkey,41.5,30.5,41030,248905.7307,277515.4596,306726.4486,331175.65,#ΔΙΑΙΡ/0!,#ΤΙΜΗ!,#ΤΙΜΗ!,#ΤΙΜΗ!,#ΔΙΑΙΡ/0!,#ΤΙΜΗ!,#ΤΙΜΗ!,#ΤΙΜΗ!
TR,792,41031792,Turkey,41.5,31.5,41031,446009.9088,437474.6366,424843.5456,402562.814,#ΔΙΑΙΡ/0!,#ΤΙΜΗ!,#ΤΙΜΗ!,#ΤΙΜΗ!,#ΔΙΑΙΡ/0!,#ΤΙΜΗ!,#ΤΙΜΗ!,#ΤΙΜΗ!
TR,792,41032792,Turkey,41.5,32.5,41032,724708.8133,699616.9089,668601.7392,623362.6325,#ΔΙΑΙΡ/0!,#ΤΙΜΗ!,#ΤΙΜΗ!,#ΤΙΜΗ!,#ΔΙΑΙΡ/0!,#ΤΙΜΗ!,#ΤΙΜΗ!,#ΤΙΜΗ!
TR,792,41033792,Turkey,41.5,33.5,41033,283447.2284,269394.4092,253494.1687,232742.0676,#ΔΙΑΙΡ/0!,#ΤΙΜΗ!,#ΤΙΜΗ!,#ΤΙΜΗ!,#ΔΙΑΙΡ/0!,#ΤΙΜΗ!,#ΤΙΜΗ!,#ΤΙΜΗ!
TR,792,41034792,Turkey,41.5,34.5,41034,363807.4553,346451.6578,326867.2636,301107.8478,#ΔΙΑΙΡ/0!,#ΤΙΜΗ!,#ΤΙΜΗ!,#ΤΙΜΗ!,#ΔΙΑΙΡ/0!,#ΤΙΜΗ!,#ΤΙΜΗ!,#ΤΙΜΗ!
TR,792,41035792,Turkey,41.5,35.5,41035,637556.5329,644493.5674,645552.5878,631351.8338,#ΔΙΑΙΡ/0!,#ΤΙΜΗ!,#ΤΙΜΗ!,#ΤΙΜΗ!,#ΔΙΑΙΡ/0!,#ΤΙΜΗ!,#ΤΙΜΗ!,#ΤΙΜΗ!
TR,792,41036792,Turkey,41.5,36.5,41036,426102.0613,437045.4624,443647.4021,439235.789,#ΔΙΑΙΡ/0!,#ΤΙΜΗ!,#ΤΙΜΗ!,#ΤΙΜΗ!,#ΔΙΑΙΡ/0!,#ΤΙΜΗ!,#ΤΙΜΗ!,#ΤΙΜΗ!
TR,792,41037792,Turkey,41.5,37.5,41037,117438.6171,121986.1199,125407.429,125747.3933,#ΔΙΑΙΡ/0!,#ΤΙΜΗ!,#ΤΙΜΗ!,#ΤΙΜΗ!,#ΔΙΑΙΡ/0!,#ΤΙΜΗ!,#ΤΙΜΗ!,#ΤΙΜΗ!
TR,792,41038792,Turkey,41.5,38.5,41038,3115.193366,3206.190064,3265.818912,3244.468169,#ΔΙΑΙΡ/0!,#ΤΙΜΗ!,#ΤΙΜΗ!,#ΤΙΜΗ!,#ΔΙΑΙΡ/0!,#ΤΙΜΗ!,#ΤΙΜΗ!,#ΤΙΜΗ!
TR,792,41039792,Turkey,41.5,39.5,41039,51908.34161,57418.3661,62883.98249,67195.94222,#ΔΙΑΙΡ/0!,#ΤΙΜΗ!,#ΤΙΜΗ!,#ΤΙΜΗ!,#ΔΙΑΙΡ/0!,#ΤΙΜΗ!,#ΤΙΜΗ!,#ΤΙΜΗ!
TR,792,41040792,Turkey,41.5,40.5,41040,53872.83281,55470.24505,56526.33753,56181.43012,#ΔΙΑΙΡ/0!,#ΤΙΜΗ!,#ΤΙΜΗ!,#ΤΙΜΗ!,#ΔΙΑΙΡ/0!,#ΤΙΜΗ!,#ΤΙΜΗ!,#ΤΙΜΗ!
TR,792,41041792,Turkey,41.5,41.5,41041,160668.6876,159670.778,157363.143,151534.7125,#ΔΙΑΙΡ/0!,#ΤΙΜΗ!,#ΤΙΜΗ!,#ΤΙΜΗ!,#ΔΙΑΙΡ/0!,#ΤΙΜΗ!,#ΤΙΜΗ!,#ΤΙΜΗ!
TR,792,41042792,Turkey,41.5,42.5,41042,154345.6799,141656.2357,128834.934,114421.3507,#ΔΙΑΙΡ/0!,#ΤΙΜΗ!,#ΤΙΜΗ!,#ΤΙΜΗ!,#ΔΙΑΙΡ/0!,#ΤΙΜΗ!,#ΤΙΜΗ!,#ΤΙΜΗ!
TR,792,41043792,Turkey,41.5,43.5,41043,37650.57125,34526.89026,31391.39036,27917.1142,#ΔΙΑΙΡ/0!,#ΤΙΜΗ!,#ΤΙΜΗ!,#ΤΙΜΗ!,#ΔΙΑΙΡ/0!,#ΤΙΜΗ!,#ΤΙΜΗ!,#ΤΙΜΗ!
TR,792,42026792,Turkey,42.5,26.5,42026,329.1055792,362.02317,370.6719443,370.2647989,#ΔΙΑΙΡ/0!,#ΤΙΜΗ!,#ΤΙΜΗ!,#ΤΙΜΗ!,#ΔΙΑΙΡ/0!,#ΤΙΜΗ!,#ΤΙΜΗ!,#ΤΙΜΗ!
TR,792,42027792,Turkey,42.5,27.5,42027,12844.04263,13283.53686,13595.64178,13579.44518,#ΔΙΑΙΡ/0!,#ΤΙΜΗ!,#ΤΙΜΗ!,#ΤΙΜΗ!,#ΔΙΑΙΡ/0!,#ΤΙΜΗ!,#ΤΙΜΗ!,#ΤΙΜΗ!
TR,792,42033792,Turkey,42.5,33.5,42033,1199.601693,1135.752712,1064.215868,972.5756261,#ΔΙΑΙΡ/0!,#ΤΙΜΗ!,#ΤΙΜΗ!,#ΤΙΜΗ!,#ΔΙΑΙΡ/0!,#ΤΙΜΗ!,#ΤΙΜΗ!,#ΤΙΜΗ!
TR,792,42034792,Turkey,42.5,34.5,42034,3073.883812,2849.806936,2614.8142,2340.00484,#ΔΙΑΙΡ/0!,#ΤΙΜΗ!,#ΤΙΜΗ!,#ΤΙΜΗ!,#ΔΙΑΙΡ/0!,#ΤΙΜΗ!,#ΤΙΜΗ!,#ΤΙΜΗ!
TR,792,42035792,Turkey,42.5,35.5,42035,3002.479279,2783.607484,2554.073562,2285.647791,#ΔΙΑΙΡ/0!,#ΤΙΜΗ!,#ΤΙΜΗ!,#ΤΙΜΗ!,#ΔΙΑΙΡ/0!,#ΤΙΜΗ!,#ΤΙΜΗ!,#ΤΙΜΗ!
